Method,Job,AnalyzeLaunchVariance,EvaluateOverhead,MaxAbsoluteError,MaxRelativeError,MinInvokeCount,MinIterationTime,OutlierMode,Affinity,EnvironmentVariables,Jit,LargeAddressAware,Platform,PowerPlanMode,Runtime,AllowVeryLargeObjects,Concurrent,CpuGroups,Force,HeapAffinitizeMask,HeapCount,NoAffinitize,RetainVm,Server,Arguments,BuildConfiguration,Clock,EngineFactory,NuGetReferences,Toolchain,IsMutator,InvocationCount,IterationCount,IterationTime,LaunchCount,MaxIterationCount,MaxWarmupIterationCount,MemoryRandomization,MinIterationCount,MinWarmupIterationCount,RunStrategy,UnrollFactor,WarmupCount,FileName,Query,Mean,Error,StdDev,Gen0,Gen1,Gen2,Allocated
BenchmarkPrefixSearch,DefaultJob,False,Default,Default,Default,Default,Default,Default,11111111111111111111,Empty,RyuJit,Default,X64,8c5e7fda-e8bf-4a96-9a85-a6e23a8c635c,.NET 8.0,False,True,False,True,Default,Default,False,False,True,Default,Default,Default,Default,Default,Default,Default,Default,Default,Default,Default,Default,Default,Default,Default,Default,Default,16,Default,100KB.txt,and,384.26 ns,6.136 ns,5.740 ns,0.0010,0.0000,0.0000,368 B
BenchmarkPrefixSearchDocuments,DefaultJob,False,Default,Default,Default,Default,Default,Default,11111111111111111111,Empty,RyuJit,Default,X64,8c5e7fda-e8bf-4a96-9a85-a6e23a8c635c,.NET 8.0,False,True,False,True,Default,Default,False,False,True,Default,Default,Default,Default,Default,Default,Default,Default,Default,Default,Default,Default,Default,Default,Default,Default,Default,16,Default,100KB.txt,and,379.91 ns,6.979 ns,6.528 ns,0.0010,0.0000,0.0000,424 B
BenchmarkNormalSearchDocuments,DefaultJob,False,Default,Default,Default,Default,Default,Default,11111111111111111111,Empty,RyuJit,Default,X64,8c5e7fda-e8bf-4a96-9a85-a6e23a8c635c,.NET 8.0,False,True,False,True,Default,Default,False,False,True,Default,Default,Default,Default,Default,Default,Default,Default,Default,Default,Default,Default,Default,Default,Default,Default,Default,16,Default,100KB.txt,and,382.31 ns,7.410 ns,7.929 ns,0.0010,0.0000,0.0000,424 B
BenchmarkPrefixSearch,DefaultJob,False,Default,Default,Default,Default,Default,Default,11111111111111111111,Empty,RyuJit,Default,X64,8c5e7fda-e8bf-4a96-9a85-a6e23a8c635c,.NET 8.0,False,True,False,True,Default,Default,False,False,True,Default,Default,Default,Default,Default,Default,Default,Default,Default,Default,Default,Default,Default,Default,Default,Default,Default,16,Default,100KB.txt,bread,39.75 ns,0.702 ns,0.657 ns,0.0001,0.0000,0.0000,32 B
BenchmarkPrefixSearchDocuments,DefaultJob,False,Default,Default,Default,Default,Default,Default,11111111111111111111,Empty,RyuJit,Default,X64,8c5e7fda-e8bf-4a96-9a85-a6e23a8c635c,.NET 8.0,False,True,False,True,Default,Default,False,False,True,Default,Default,Default,Default,Default,Default,Default,Default,Default,Default,Default,Default,Default,Default,Default,Default,Default,16,Default,100KB.txt,bread,66.93 ns,1.359 ns,2.345 ns,0.0002,0.0000,0.0000,96 B
BenchmarkNormalSearchDocuments,DefaultJob,False,Default,Default,Default,Default,Default,Default,11111111111111111111,Empty,RyuJit,Default,X64,8c5e7fda-e8bf-4a96-9a85-a6e23a8c635c,.NET 8.0,False,True,False,True,Default,Default,False,False,True,Default,Default,Default,Default,Default,Default,Default,Default,Default,Default,Default,Default,Default,Default,Default,Default,Default,16,Default,100KB.txt,bread,65.97 ns,1.324 ns,1.940 ns,0.0002,0.0000,0.0000,96 B
BenchmarkPrefixSearch,DefaultJob,False,Default,Default,Default,Default,Default,Default,11111111111111111111,Empty,RyuJit,Default,X64,8c5e7fda-e8bf-4a96-9a85-a6e23a8c635c,.NET 8.0,False,True,False,True,Default,Default,False,False,True,Default,Default,Default,Default,Default,Default,Default,Default,Default,Default,Default,Default,Default,Default,Default,Default,Default,16,Default,100KB.txt,cat,"1,311.34 ns",25.324 ns,23.688 ns,0.0038,0.0000,0.0000,1216 B
BenchmarkPrefixSearchDocuments,DefaultJob,False,Default,Default,Default,Default,Default,Default,11111111111111111111,Empty,RyuJit,Default,X64,8c5e7fda-e8bf-4a96-9a85-a6e23a8c635c,.NET 8.0,False,True,False,True,Default,Default,False,False,True,Default,Default,Default,Default,Default,Default,Default,Default,Default,Default,Default,Default,Default,Default,Default,Default,Default,16,Default,100KB.txt,cat,417.62 ns,2.493 ns,2.332 ns,0.0000,0.0000,0.0000,256 B
BenchmarkNormalSearchDocuments,DefaultJob,False,Default,Default,Default,Default,Default,Default,11111111111111111111,Empty,RyuJit,Default,X64,8c5e7fda-e8bf-4a96-9a85-a6e23a8c635c,.NET 8.0,False,True,False,True,Default,Default,False,False,True,Default,Default,Default,Default,Default,Default,Default,Default,Default,Default,Default,Default,Default,Default,Default,Default,Default,16,Default,100KB.txt,cat,435.28 ns,2.639 ns,2.468 ns,0.0000,0.0000,0.0000,256 B
BenchmarkPrefixSearch,DefaultJob,False,Default,Default,Default,Default,Default,Default,11111111111111111111,Empty,RyuJit,Default,X64,8c5e7fda-e8bf-4a96-9a85-a6e23a8c635c,.NET 8.0,False,True,False,True,Default,Default,False,False,True,Default,Default,Default,Default,Default,Default,Default,Default,Default,Default,Default,Default,Default,Default,Default,Default,Default,16,Default,100KB.txt,or,"5,362.75 ns",93.176 ns,87.157 ns,0.0153,0.0000,0.0000,5248 B
BenchmarkPrefixSearchDocuments,DefaultJob,False,Default,Default,Default,Default,Default,Default,11111111111111111111,Empty,RyuJit,Default,X64,8c5e7fda-e8bf-4a96-9a85-a6e23a8c635c,.NET 8.0,False,True,False,True,Default,Default,False,False,True,Default,Default,Default,Default,Default,Default,Default,Default,Default,Default,Default,Default,Default,Default,Default,Default,Default,16,Default,100KB.txt,or,"1,302.16 ns",5.105 ns,4.775 ns,0.0000,0.0000,0.0000,424 B
BenchmarkNormalSearchDocuments,DefaultJob,False,Default,Default,Default,Default,Default,Default,11111111111111111111,Empty,RyuJit,Default,X64,8c5e7fda-e8bf-4a96-9a85-a6e23a8c635c,.NET 8.0,False,True,False,True,Default,Default,False,False,True,Default,Default,Default,Default,Default,Default,Default,Default,Default,Default,Default,Default,Default,Default,Default,Default,Default,16,Default,100KB.txt,or,"1,405.76 ns",10.521 ns,8.786 ns,0.0000,0.0000,0.0000,424 B
BenchmarkPrefixSearch,DefaultJob,False,Default,Default,Default,Default,Default,Default,11111111111111111111,Empty,RyuJit,Default,X64,8c5e7fda-e8bf-4a96-9a85-a6e23a8c635c,.NET 8.0,False,True,False,True,Default,Default,False,False,True,Default,Default,Default,Default,Default,Default,Default,Default,Default,Default,Default,Default,Default,Default,Default,Default,Default,16,Default,100MB.txt,and,"461,630.88 ns","9,126.369 ns","13,936.930 ns",0.0000,0.0000,0.0000,310169 B
BenchmarkPrefixSearchDocuments,DefaultJob,False,Default,Default,Default,Default,Default,Default,11111111111111111111,Empty,RyuJit,Default,X64,8c5e7fda-e8bf-4a96-9a85-a6e23a8c635c,.NET 8.0,False,True,False,True,Default,Default,False,False,True,Default,Default,Default,Default,Default,Default,Default,Default,Default,Default,Default,Default,Default,Default,Default,Default,Default,16,Default,100MB.txt,and,"502,612.23 ns","7,718.680 ns","7,220.058 ns",0.0000,0.0000,0.0000,389625 B
BenchmarkNormalSearchDocuments,DefaultJob,False,Default,Default,Default,Default,Default,Default,11111111111111111111,Empty,RyuJit,Default,X64,8c5e7fda-e8bf-4a96-9a85-a6e23a8c635c,.NET 8.0,False,True,False,True,Default,Default,False,False,True,Default,Default,Default,Default,Default,Default,Default,Default,Default,Default,Default,Default,Default,Default,Default,Default,Default,16,Default,100MB.txt,and,"499,817.34 ns","4,606.503 ns","3,846.639 ns",0.0000,0.0000,0.0000,389625 B
BenchmarkPrefixSearch,DefaultJob,False,Default,Default,Default,Default,Default,Default,11111111111111111111,Empty,RyuJit,Default,X64,8c5e7fda-e8bf-4a96-9a85-a6e23a8c635c,.NET 8.0,False,True,False,True,Default,Default,False,False,True,Default,Default,Default,Default,Default,Default,Default,Default,Default,Default,Default,Default,Default,Default,Default,Default,Default,16,Default,100MB.txt,bread,"14,089.64 ns",278.188 ns,361.723 ns,0.0305,0.0000,0.0000,14640 B
BenchmarkPrefixSearchDocuments,DefaultJob,False,Default,Default,Default,Default,Default,Default,11111111111111111111,Empty,RyuJit,Default,X64,8c5e7fda-e8bf-4a96-9a85-a6e23a8c635c,.NET 8.0,False,True,False,True,Default,Default,False,False,True,Default,Default,Default,Default,Default,Default,Default,Default,Default,Default,Default,Default,Default,Default,Default,Default,Default,16,Default,100MB.txt,bread,"14,372.19 ns",281.826 ns,508.190 ns,0.0305,0.0000,0.0000,17216 B
BenchmarkNormalSearchDocuments,DefaultJob,False,Default,Default,Default,Default,Default,Default,11111111111111111111,Empty,RyuJit,Default,X64,8c5e7fda-e8bf-4a96-9a85-a6e23a8c635c,.NET 8.0,False,True,False,True,Default,Default,False,False,True,Default,Default,Default,Default,Default,Default,Default,Default,Default,Default,Default,Default,Default,Default,Default,Default,Default,16,Default,100MB.txt,bread,"13,476.73 ns",255.590 ns,262.472 ns,0.0458,0.0000,0.0000,17216 B
BenchmarkPrefixSearch,DefaultJob,False,Default,Default,Default,Default,Default,Default,11111111111111111111,Empty,RyuJit,Default,X64,8c5e7fda-e8bf-4a96-9a85-a6e23a8c635c,.NET 8.0,False,True,False,True,Default,Default,False,False,True,Default,Default,Default,Default,Default,Default,Default,Default,Default,Default,Default,Default,Default,Default,Default,Default,Default,16,Default,100MB.txt,cat,"389,123.38 ns","7,566.293 ns","10,606.886 ns",0.4883,0.0000,0.0000,291025 B
BenchmarkPrefixSearchDocuments,DefaultJob,False,Default,Default,Default,Default,Default,Default,11111111111111111111,Empty,RyuJit,Default,X64,8c5e7fda-e8bf-4a96-9a85-a6e23a8c635c,.NET 8.0,False,True,False,True,Default,Default,False,False,True,Default,Default,Default,Default,Default,Default,Default,Default,Default,Default,Default,Default,Default,Default,Default,Default,Default,16,Default,100MB.txt,cat,"370,309.99 ns","6,952.993 ns","6,163.647 ns",0.4883,0.0000,0.0000,189305 B
BenchmarkNormalSearchDocuments,DefaultJob,False,Default,Default,Default,Default,Default,Default,11111111111111111111,Empty,RyuJit,Default,X64,8c5e7fda-e8bf-4a96-9a85-a6e23a8c635c,.NET 8.0,False,True,False,True,Default,Default,False,False,True,Default,Default,Default,Default,Default,Default,Default,Default,Default,Default,Default,Default,Default,Default,Default,Default,Default,16,Default,100MB.txt,cat,"372,322.98 ns","7,025.134 ns","6,571.315 ns",0.4883,0.0000,0.0000,189305 B
BenchmarkPrefixSearch,DefaultJob,False,Default,Default,Default,Default,Default,Default,11111111111111111111,Empty,RyuJit,Default,X64,8c5e7fda-e8bf-4a96-9a85-a6e23a8c635c,.NET 8.0,False,True,False,True,Default,Default,False,False,True,Default,Default,Default,Default,Default,Default,Default,Default,Default,Default,Default,Default,Default,Default,Default,Default,Default,16,Default,100MB.txt,or,"1,516,048.47 ns","30,184.193 ns","84,141.472 ns",1.9531,0.0000,0.0000,1074514 B
BenchmarkPrefixSearchDocuments,DefaultJob,False,Default,Default,Default,Default,Default,Default,11111111111111111111,Empty,RyuJit,Default,X64,8c5e7fda-e8bf-4a96-9a85-a6e23a8c635c,.NET 8.0,False,True,False,True,Default,Default,False,False,True,Default,Default,Default,Default,Default,Default,Default,Default,Default,Default,Default,Default,Default,Default,Default,Default,Default,16,Default,100MB.txt,or,"862,826.27 ns","16,686.201 ns","26,466.085 ns",0.9766,0.0000,0.0000,389625 B
BenchmarkNormalSearchDocuments,DefaultJob,False,Default,Default,Default,Default,Default,Default,11111111111111111111,Empty,RyuJit,Default,X64,8c5e7fda-e8bf-4a96-9a85-a6e23a8c635c,.NET 8.0,False,True,False,True,Default,Default,False,False,True,Default,Default,Default,Default,Default,Default,Default,Default,Default,Default,Default,Default,Default,Default,Default,Default,Default,16,Default,100MB.txt,or,"864,887.58 ns","15,216.572 ns","12,706.527 ns",0.0000,0.0000,0.0000,389625 B
BenchmarkPrefixSearch,DefaultJob,False,Default,Default,Default,Default,Default,Default,11111111111111111111,Empty,RyuJit,Default,X64,8c5e7fda-e8bf-4a96-9a85-a6e23a8c635c,.NET 8.0,False,True,False,True,Default,Default,False,False,True,Default,Default,Default,Default,Default,Default,Default,Default,Default,Default,Default,Default,Default,Default,Default,Default,Default,16,Default,10MB.txt,and,"48,553.35 ns",819.961 ns,684.704 ns,0.1221,0.0000,0.0000,54376 B
BenchmarkPrefixSearchDocuments,DefaultJob,False,Default,Default,Default,Default,Default,Default,11111111111111111111,Empty,RyuJit,Default,X64,8c5e7fda-e8bf-4a96-9a85-a6e23a8c635c,.NET 8.0,False,True,False,True,Default,Default,False,False,True,Default,Default,Default,Default,Default,Default,Default,Default,Default,Default,Default,Default,Default,Default,Default,Default,Default,16,Default,10MB.txt,and,"44,130.40 ns",834.314 ns,739.598 ns,0.1221,0.0000,0.0000,44312 B
BenchmarkNormalSearchDocuments,DefaultJob,False,Default,Default,Default,Default,Default,Default,11111111111111111111,Empty,RyuJit,Default,X64,8c5e7fda-e8bf-4a96-9a85-a6e23a8c635c,.NET 8.0,False,True,False,True,Default,Default,False,False,True,Default,Default,Default,Default,Default,Default,Default,Default,Default,Default,Default,Default,Default,Default,Default,Default,Default,16,Default,10MB.txt,and,"44,428.11 ns",848.582 ns,708.604 ns,0.1221,0.0000,0.0000,44312 B
BenchmarkPrefixSearch,DefaultJob,False,Default,Default,Default,Default,Default,Default,11111111111111111111,Empty,RyuJit,Default,X64,8c5e7fda-e8bf-4a96-9a85-a6e23a8c635c,.NET 8.0,False,True,False,True,Default,Default,False,False,True,Default,Default,Default,Default,Default,Default,Default,Default,Default,Default,Default,Default,Default,Default,Default,Default,Default,16,Default,10MB.txt,bread,"2,891.34 ns",51.546 ns,45.694 ns,0.0076,0.0000,0.0000,2944 B
BenchmarkPrefixSearchDocuments,DefaultJob,False,Default,Default,Default,Default,Default,Default,11111111111111111111,Empty,RyuJit,Default,X64,8c5e7fda-e8bf-4a96-9a85-a6e23a8c635c,.NET 8.0,False,True,False,True,Default,Default,False,False,True,Default,Default,Default,Default,Default,Default,Default,Default,Default,Default,Default,Default,Default,Default,Default,Default,Default,16,Default,10MB.txt,bread,"2,019.06 ns",28.082 ns,24.894 ns,0.0038,0.0000,0.0000,1920 B
BenchmarkNormalSearchDocuments,DefaultJob,False,Default,Default,Default,Default,Default,Default,11111111111111111111,Empty,RyuJit,Default,X64,8c5e7fda-e8bf-4a96-9a85-a6e23a8c635c,.NET 8.0,False,True,False,True,Default,Default,False,False,True,Default,Default,Default,Default,Default,Default,Default,Default,Default,Default,Default,Default,Default,Default,Default,Default,Default,16,Default,10MB.txt,bread,"1,972.45 ns",28.197 ns,23.546 ns,0.0038,0.0000,0.0000,1920 B
BenchmarkPrefixSearch,DefaultJob,False,Default,Default,Default,Default,Default,Default,11111111111111111111,Empty,RyuJit,Default,X64,8c5e7fda-e8bf-4a96-9a85-a6e23a8c635c,.NET 8.0,False,True,False,True,Default,Default,False,False,True,Default,Default,Default,Default,Default,Default,Default,Default,Default,Default,Default,Default,Default,Default,Default,Default,Default,16,Default,10MB.txt,cat,"55,064.99 ns","1,080.732 ns","1,109.832 ns",0.1221,0.0000,0.0000,50056 B
BenchmarkPrefixSearchDocuments,DefaultJob,False,Default,Default,Default,Default,Default,Default,11111111111111111111,Empty,RyuJit,Default,X64,8c5e7fda-e8bf-4a96-9a85-a6e23a8c635c,.NET 8.0,False,True,False,True,Default,Default,False,False,True,Default,Default,Default,Default,Default,Default,Default,Default,Default,Default,Default,Default,Default,Default,Default,Default,Default,16,Default,10MB.txt,cat,"30,549.13 ns",395.857 ns,350.917 ns,0.0610,0.0000,0.0000,21336 B
BenchmarkNormalSearchDocuments,DefaultJob,False,Default,Default,Default,Default,Default,Default,11111111111111111111,Empty,RyuJit,Default,X64,8c5e7fda-e8bf-4a96-9a85-a6e23a8c635c,.NET 8.0,False,True,False,True,Default,Default,False,False,True,Default,Default,Default,Default,Default,Default,Default,Default,Default,Default,Default,Default,Default,Default,Default,Default,Default,16,Default,10MB.txt,cat,"30,405.16 ns",372.522 ns,330.231 ns,0.0610,0.0000,0.0000,21336 B
BenchmarkPrefixSearch,DefaultJob,False,Default,Default,Default,Default,Default,Default,11111111111111111111,Empty,RyuJit,Default,X64,8c5e7fda-e8bf-4a96-9a85-a6e23a8c635c,.NET 8.0,False,True,False,True,Default,Default,False,False,True,Default,Default,Default,Default,Default,Default,Default,Default,Default,Default,Default,Default,Default,Default,Default,Default,Default,16,Default,10MB.txt,or,"193,146.82 ns","3,812.974 ns","5,707.081 ns",0.4883,0.0000,0.0000,176393 B
BenchmarkPrefixSearchDocuments,DefaultJob,False,Default,Default,Default,Default,Default,Default,11111111111111111111,Empty,RyuJit,Default,X64,8c5e7fda-e8bf-4a96-9a85-a6e23a8c635c,.NET 8.0,False,True,False,True,Default,Default,False,False,True,Default,Default,Default,Default,Default,Default,Default,Default,Default,Default,Default,Default,Default,Default,Default,Default,Default,16,Default,10MB.txt,or,"105,025.85 ns","1,774.443 ns","1,659.815 ns",0.1221,0.0000,0.0000,44312 B
BenchmarkNormalSearchDocuments,DefaultJob,False,Default,Default,Default,Default,Default,Default,11111111111111111111,Empty,RyuJit,Default,X64,8c5e7fda-e8bf-4a96-9a85-a6e23a8c635c,.NET 8.0,False,True,False,True,Default,Default,False,False,True,Default,Default,Default,Default,Default,Default,Default,Default,Default,Default,Default,Default,Default,Default,Default,Default,Default,16,Default,10MB.txt,or,"103,235.78 ns","2,044.388 ns","1,812.296 ns",0.1221,0.0000,0.0000,44312 B
BenchmarkPrefixSearch,DefaultJob,False,Default,Default,Default,Default,Default,Default,11111111111111111111,Empty,RyuJit,Default,X64,8c5e7fda-e8bf-4a96-9a85-a6e23a8c635c,.NET 8.0,False,True,False,True,Default,Default,False,False,True,Default,Default,Default,Default,Default,Default,Default,Default,Default,Default,Default,Default,Default,Default,Default,Default,Default,16,Default,1MB.txt,and,"6,515.14 ns",125.874 ns,134.684 ns,0.0153,0.0000,0.0000,6752 B
BenchmarkPrefixSearchDocuments,DefaultJob,False,Default,Default,Default,Default,Default,Default,11111111111111111111,Empty,RyuJit,Default,X64,8c5e7fda-e8bf-4a96-9a85-a6e23a8c635c,.NET 8.0,False,True,False,True,Default,Default,False,False,True,Default,Default,Default,Default,Default,Default,Default,Default,Default,Default,Default,Default,Default,Default,Default,Default,Default,16,Default,1MB.txt,and,"4,269.69 ns",80.864 ns,83.042 ns,0.0076,0.0000,0.0000,3936 B
BenchmarkNormalSearchDocuments,DefaultJob,False,Default,Default,Default,Default,Default,Default,11111111111111111111,Empty,RyuJit,Default,X64,8c5e7fda-e8bf-4a96-9a85-a6e23a8c635c,.NET 8.0,False,True,False,True,Default,Default,False,False,True,Default,Default,Default,Default,Default,Default,Default,Default,Default,Default,Default,Default,Default,Default,Default,Default,Default,16,Default,1MB.txt,and,"4,297.46 ns",59.575 ns,55.727 ns,0.0076,0.0000,0.0000,3936 B
BenchmarkPrefixSearch,DefaultJob,False,Default,Default,Default,Default,Default,Default,11111111111111111111,Empty,RyuJit,Default,X64,8c5e7fda-e8bf-4a96-9a85-a6e23a8c635c,.NET 8.0,False,True,False,True,Default,Default,False,False,True,Default,Default,Default,Default,Default,Default,Default,Default,Default,Default,Default,Default,Default,Default,Default,Default,Default,16,Default,1MB.txt,bread,496.65 ns,9.892 ns,13.867 ns,0.0010,0.0000,0.0000,416 B
BenchmarkPrefixSearchDocuments,DefaultJob,False,Default,Default,Default,Default,Default,Default,11111111111111111111,Empty,RyuJit,Default,X64,8c5e7fda-e8bf-4a96-9a85-a6e23a8c635c,.NET 8.0,False,True,False,True,Default,Default,False,False,True,Default,Default,Default,Default,Default,Default,Default,Default,Default,Default,Default,Default,Default,Default,Default,Default,Default,16,Default,1MB.txt,bread,275.98 ns,4.990 ns,4.668 ns,0.0005,0.0000,0.0000,256 B
BenchmarkNormalSearchDocuments,DefaultJob,False,Default,Default,Default,Default,Default,Default,11111111111111111111,Empty,RyuJit,Default,X64,8c5e7fda-e8bf-4a96-9a85-a6e23a8c635c,.NET 8.0,False,True,False,True,Default,Default,False,False,True,Default,Default,Default,Default,Default,Default,Default,Default,Default,Default,Default,Default,Default,Default,Default,Default,Default,16,Default,1MB.txt,bread,262.61 ns,4.857 ns,5.197 ns,0.0005,0.0000,0.0000,256 B
BenchmarkPrefixSearch,DefaultJob,False,Default,Default,Default,Default,Default,Default,11111111111111111111,Empty,RyuJit,Default,X64,8c5e7fda-e8bf-4a96-9a85-a6e23a8c635c,.NET 8.0,False,True,False,True,Default,Default,False,False,True,Default,Default,Default,Default,Default,Default,Default,Default,Default,Default,Default,Default,Default,Default,Default,Default,Default,16,Default,1MB.txt,cat,"9,530.00 ns",189.974 ns,203.270 ns,0.0153,0.0000,0.0000,9528 B
BenchmarkPrefixSearchDocuments,DefaultJob,False,Default,Default,Default,Default,Default,Default,11111111111111111111,Empty,RyuJit,Default,X64,8c5e7fda-e8bf-4a96-9a85-a6e23a8c635c,.NET 8.0,False,True,False,True,Default,Default,False,False,True,Default,Default,Default,Default,Default,Default,Default,Default,Default,Default,Default,Default,Default,Default,Default,Default,Default,16,Default,1MB.txt,cat,"3,622.33 ns",8.368 ns,7.827 ns,0.0000,0.0000,0.0000,1920 B
BenchmarkNormalSearchDocuments,DefaultJob,False,Default,Default,Default,Default,Default,Default,11111111111111111111,Empty,RyuJit,Default,X64,8c5e7fda-e8bf-4a96-9a85-a6e23a8c635c,.NET 8.0,False,True,False,True,Default,Default,False,False,True,Default,Default,Default,Default,Default,Default,Default,Default,Default,Default,Default,Default,Default,Default,Default,Default,Default,16,Default,1MB.txt,cat,"3,642.64 ns",23.767 ns,22.232 ns,0.0000,0.0000,0.0000,1920 B
BenchmarkPrefixSearch,DefaultJob,False,Default,Default,Default,Default,Default,Default,11111111111111111111,Empty,RyuJit,Default,X64,8c5e7fda-e8bf-4a96-9a85-a6e23a8c635c,.NET 8.0,False,True,False,True,Default,Default,False,False,True,Default,Default,Default,Default,Default,Default,Default,Default,Default,Default,Default,Default,Default,Default,Default,Default,Default,16,Default,1MB.txt,or,"32,280.42 ns",632.830 ns,927.594 ns,0.0610,0.0000,0.0000,32824 B
BenchmarkPrefixSearchDocuments,DefaultJob,False,Default,Default,Default,Default,Default,Default,11111111111111111111,Empty,RyuJit,Default,X64,8c5e7fda-e8bf-4a96-9a85-a6e23a8c635c,.NET 8.0,False,True,False,True,Default,Default,False,False,True,Default,Default,Default,Default,Default,Default,Default,Default,Default,Default,Default,Default,Default,Default,Default,Default,Default,16,Default,1MB.txt,or,"10,902.31 ns",74.755 ns,69.926 ns,0.0000,0.0000,0.0000,3936 B
BenchmarkNormalSearchDocuments,DefaultJob,False,Default,Default,Default,Default,Default,Default,11111111111111111111,Empty,RyuJit,Default,X64,8c5e7fda-e8bf-4a96-9a85-a6e23a8c635c,.NET 8.0,False,True,False,True,Default,Default,False,False,True,Default,Default,Default,Default,Default,Default,Default,Default,Default,Default,Default,Default,Default,Default,Default,Default,Default,16,Default,1MB.txt,or,"10,750.83 ns",53.750 ns,50.277 ns,0.0000,0.0000,0.0000,3936 B
BenchmarkPrefixSearch,DefaultJob,False,Default,Default,Default,Default,Default,Default,11111111111111111111,Empty,RyuJit,Default,X64,8c5e7fda-e8bf-4a96-9a85-a6e23a8c635c,.NET 8.0,False,True,False,True,Default,Default,False,False,True,Default,Default,Default,Default,Default,Default,Default,Default,Default,Default,Default,Default,Default,Default,Default,Default,Default,16,Default,20MB.txt,and,"103,173.44 ns","2,061.585 ns","3,610.701 ns",0.2441,0.0000,0.0000,93144 B
BenchmarkPrefixSearchDocuments,DefaultJob,False,Default,Default,Default,Default,Default,Default,11111111111111111111,Empty,RyuJit,Default,X64,8c5e7fda-e8bf-4a96-9a85-a6e23a8c635c,.NET 8.0,False,True,False,True,Default,Default,False,False,True,Default,Default,Default,Default,Default,Default,Default,Default,Default,Default,Default,Default,Default,Default,Default,Default,Default,16,Default,20MB.txt,and,"96,871.24 ns","1,737.644 ns","1,625.393 ns",0.2441,0.0000,0.0000,91672 B
BenchmarkNormalSearchDocuments,DefaultJob,False,Default,Default,Default,Default,Default,Default,11111111111111111111,Empty,RyuJit,Default,X64,8c5e7fda-e8bf-4a96-9a85-a6e23a8c635c,.NET 8.0,False,True,False,True,Default,Default,False,False,True,Default,Default,Default,Default,Default,Default,Default,Default,Default,Default,Default,Default,Default,Default,Default,Default,Default,16,Default,20MB.txt,and,"97,368.81 ns","1,664.973 ns","1,557.417 ns",0.2441,0.0000,0.0000,91672 B
BenchmarkPrefixSearch,DefaultJob,False,Default,Default,Default,Default,Default,Default,11111111111111111111,Empty,RyuJit,Default,X64,8c5e7fda-e8bf-4a96-9a85-a6e23a8c635c,.NET 8.0,False,True,False,True,Default,Default,False,False,True,Default,Default,Default,Default,Default,Default,Default,Default,Default,Default,Default,Default,Default,Default,Default,Default,Default,16,Default,20MB.txt,bread,"4,684.39 ns",92.646 ns,176.269 ns,0.0153,0.0000,0.0000,4928 B
BenchmarkPrefixSearchDocuments,DefaultJob,False,Default,Default,Default,Default,Default,Default,11111111111111111111,Empty,RyuJit,Default,X64,8c5e7fda-e8bf-4a96-9a85-a6e23a8c635c,.NET 8.0,False,True,False,True,Default,Default,False,False,True,Default,Default,Default,Default,Default,Default,Default,Default,Default,Default,Default,Default,Default,Default,Default,Default,Default,16,Default,20MB.txt,bread,"3,511.17 ns",60.225 ns,50.290 ns,0.0076,0.0000,0.0000,3936 B
BenchmarkNormalSearchDocuments,DefaultJob,False,Default,Default,Default,Default,Default,Default,11111111111111111111,Empty,RyuJit,Default,X64,8c5e7fda-e8bf-4a96-9a85-a6e23a8c635c,.NET 8.0,False,True,False,True,Default,Default,False,False,True,Default,Default,Default,Default,Default,Default,Default,Default,Default,Default,Default,Default,Default,Default,Default,Default,Default,16,Default,20MB.txt,bread,"3,577.90 ns",62.092 ns,84.992 ns,0.0076,0.0000,0.0000,3936 B
BenchmarkPrefixSearch,DefaultJob,False,Default,Default,Default,Default,Default,Default,11111111111111111111,Empty,RyuJit,Default,X64,8c5e7fda-e8bf-4a96-9a85-a6e23a8c635c,.NET 8.0,False,True,False,True,Default,Default,False,False,True,Default,Default,Default,Default,Default,Default,Default,Default,Default,Default,Default,Default,Default,Default,Default,Default,Default,16,Default,20MB.txt,cat,"106,939.44 ns","2,107.346 ns","4,009.446 ns",0.2441,0.0000,0.0000,90840 B
BenchmarkPrefixSearchDocuments,DefaultJob,False,Default,Default,Default,Default,Default,Default,11111111111111111111,Empty,RyuJit,Default,X64,8c5e7fda-e8bf-4a96-9a85-a6e23a8c635c,.NET 8.0,False,True,False,True,Default,Default,False,False,True,Default,Default,Default,Default,Default,Default,Default,Default,Default,Default,Default,Default,Default,Default,Default,Default,Default,16,Default,20MB.txt,cat,"75,121.11 ns",982.512 ns,820.442 ns,0.1221,0.0000,0.0000,44312 B
BenchmarkNormalSearchDocuments,DefaultJob,False,Default,Default,Default,Default,Default,Default,11111111111111111111,Empty,RyuJit,Default,X64,8c5e7fda-e8bf-4a96-9a85-a6e23a8c635c,.NET 8.0,False,True,False,True,Default,Default,False,False,True,Default,Default,Default,Default,Default,Default,Default,Default,Default,Default,Default,Default,Default,Default,Default,Default,Default,16,Default,20MB.txt,cat,"75,276.92 ns","1,385.211 ns","1,227.953 ns",0.1221,0.0000,0.0000,44312 B
BenchmarkPrefixSearch,DefaultJob,False,Default,Default,Default,Default,Default,Default,11111111111111111111,Empty,RyuJit,Default,X64,8c5e7fda-e8bf-4a96-9a85-a6e23a8c635c,.NET 8.0,False,True,False,True,Default,Default,False,False,True,Default,Default,Default,Default,Default,Default,Default,Default,Default,Default,Default,Default,Default,Default,Default,Default,Default,16,Default,20MB.txt,or,"300,942.90 ns","5,029.574 ns","5,792.065 ns",0.4883,0.0000,0.0000,291097 B
BenchmarkPrefixSearchDocuments,DefaultJob,False,Default,Default,Default,Default,Default,Default,11111111111111111111,Empty,RyuJit,Default,X64,8c5e7fda-e8bf-4a96-9a85-a6e23a8c635c,.NET 8.0,False,True,False,True,Default,Default,False,False,True,Default,Default,Default,Default,Default,Default,Default,Default,Default,Default,Default,Default,Default,Default,Default,Default,Default,16,Default,20MB.txt,or,"189,377.25 ns","3,659.881 ns","3,244.389 ns",0.2441,0.0000,0.0000,91672 B
BenchmarkNormalSearchDocuments,DefaultJob,False,Default,Default,Default,Default,Default,Default,11111111111111111111,Empty,RyuJit,Default,X64,8c5e7fda-e8bf-4a96-9a85-a6e23a8c635c,.NET 8.0,False,True,False,True,Default,Default,False,False,True,Default,Default,Default,Default,Default,Default,Default,Default,Default,Default,Default,Default,Default,Default,Default,Default,Default,16,Default,20MB.txt,or,"188,986.96 ns","3,715.774 ns","3,975.837 ns",0.2441,0.0000,0.0000,91672 B
BenchmarkPrefixSearch,DefaultJob,False,Default,Default,Default,Default,Default,Default,11111111111111111111,Empty,RyuJit,Default,X64,8c5e7fda-e8bf-4a96-9a85-a6e23a8c635c,.NET 8.0,False,True,False,True,Default,Default,False,False,True,Default,Default,Default,Default,Default,Default,Default,Default,Default,Default,Default,Default,Default,Default,Default,Default,Default,16,Default,2MB.txt,and,"10,971.10 ns",211.675 ns,198.001 ns,0.0305,0.0000,0.0000,11552 B
BenchmarkPrefixSearchDocuments,DefaultJob,False,Default,Default,Default,Default,Default,Default,11111111111111111111,Empty,RyuJit,Default,X64,8c5e7fda-e8bf-4a96-9a85-a6e23a8c635c,.NET 8.0,False,True,False,True,Default,Default,False,False,True,Default,Default,Default,Default,Default,Default,Default,Default,Default,Default,Default,Default,Default,Default,Default,Default,Default,16,Default,2MB.txt,and,"8,116.89 ns",154.421 ns,171.639 ns,0.0153,0.0000,0.0000,8192 B
BenchmarkNormalSearchDocuments,DefaultJob,False,Default,Default,Default,Default,Default,Default,11111111111111111111,Empty,RyuJit,Default,X64,8c5e7fda-e8bf-4a96-9a85-a6e23a8c635c,.NET 8.0,False,True,False,True,Default,Default,False,False,True,Default,Default,Default,Default,Default,Default,Default,Default,Default,Default,Default,Default,Default,Default,Default,Default,Default,16,Default,2MB.txt,and,"8,012.70 ns",145.322 ns,128.824 ns,0.0153,0.0000,0.0000,8192 B
BenchmarkPrefixSearch,DefaultJob,False,Default,Default,Default,Default,Default,Default,11111111111111111111,Empty,RyuJit,Default,X64,8c5e7fda-e8bf-4a96-9a85-a6e23a8c635c,.NET 8.0,False,True,False,True,Default,Default,False,False,True,Default,Default,Default,Default,Default,Default,Default,Default,Default,Default,Default,Default,Default,Default,Default,Default,Default,16,Default,2MB.txt,bread,965.42 ns,18.600 ns,18.268 ns,0.0019,0.0000,0.0000,992 B
BenchmarkPrefixSearchDocuments,DefaultJob,False,Default,Default,Default,Default,Default,Default,11111111111111111111,Empty,RyuJit,Default,X64,8c5e7fda-e8bf-4a96-9a85-a6e23a8c635c,.NET 8.0,False,True,False,True,Default,Default,False,False,True,Default,Default,Default,Default,Default,Default,Default,Default,Default,Default,Default,Default,Default,Default,Default,Default,Default,16,Default,2MB.txt,bread,482.66 ns,9.470 ns,11.273 ns,0.0010,0.0000,0.0000,424 B
BenchmarkNormalSearchDocuments,DefaultJob,False,Default,Default,Default,Default,Default,Default,11111111111111111111,Empty,RyuJit,Default,X64,8c5e7fda-e8bf-4a96-9a85-a6e23a8c635c,.NET 8.0,False,True,False,True,Default,Default,False,False,True,Default,Default,Default,Default,Default,Default,Default,Default,Default,Default,Default,Default,Default,Default,Default,Default,Default,16,Default,2MB.txt,bread,482.70 ns,9.264 ns,9.513 ns,0.0010,0.0000,0.0000,424 B
BenchmarkPrefixSearch,DefaultJob,False,Default,Default,Default,Default,Default,Default,11111111111111111111,Empty,RyuJit,Default,X64,8c5e7fda-e8bf-4a96-9a85-a6e23a8c635c,.NET 8.0,False,True,False,True,Default,Default,False,False,True,Default,Default,Default,Default,Default,Default,Default,Default,Default,Default,Default,Default,Default,Default,Default,Default,Default,16,Default,2MB.txt,cat,"15,096.31 ns",300.188 ns,368.658 ns,0.0305,0.0000,0.0000,15336 B
BenchmarkPrefixSearchDocuments,DefaultJob,False,Default,Default,Default,Default,Default,Default,11111111111111111111,Empty,RyuJit,Default,X64,8c5e7fda-e8bf-4a96-9a85-a6e23a8c635c,.NET 8.0,False,True,False,True,Default,Default,False,False,True,Default,Default,Default,Default,Default,Default,Default,Default,Default,Default,Default,Default,Default,Default,Default,Default,Default,16,Default,2MB.txt,cat,"6,235.99 ns",103.890 ns,92.096 ns,0.0076,0.0000,0.0000,3936 B
BenchmarkNormalSearchDocuments,DefaultJob,False,Default,Default,Default,Default,Default,Default,11111111111111111111,Empty,RyuJit,Default,X64,8c5e7fda-e8bf-4a96-9a85-a6e23a8c635c,.NET 8.0,False,True,False,True,Default,Default,False,False,True,Default,Default,Default,Default,Default,Default,Default,Default,Default,Default,Default,Default,Default,Default,Default,Default,Default,16,Default,2MB.txt,cat,"6,151.16 ns",71.240 ns,66.638 ns,0.0076,0.0000,0.0000,3936 B
BenchmarkPrefixSearch,DefaultJob,False,Default,Default,Default,Default,Default,Default,11111111111111111111,Empty,RyuJit,Default,X64,8c5e7fda-e8bf-4a96-9a85-a6e23a8c635c,.NET 8.0,False,True,False,True,Default,Default,False,False,True,Default,Default,Default,Default,Default,Default,Default,Default,Default,Default,Default,Default,Default,Default,Default,Default,Default,16,Default,2MB.txt,or,"50,619.25 ns","1,003.874 ns",985.938 ns,0.1221,0.0000,0.0000,46144 B
BenchmarkPrefixSearchDocuments,DefaultJob,False,Default,Default,Default,Default,Default,Default,11111111111111111111,Empty,RyuJit,Default,X64,8c5e7fda-e8bf-4a96-9a85-a6e23a8c635c,.NET 8.0,False,True,False,True,Default,Default,False,False,True,Default,Default,Default,Default,Default,Default,Default,Default,Default,Default,Default,Default,Default,Default,Default,Default,Default,16,Default,2MB.txt,or,"19,503.49 ns",105.494 ns,93.518 ns,0.0000,0.0000,0.0000,8192 B
BenchmarkNormalSearchDocuments,DefaultJob,False,Default,Default,Default,Default,Default,Default,11111111111111111111,Empty,RyuJit,Default,X64,8c5e7fda-e8bf-4a96-9a85-a6e23a8c635c,.NET 8.0,False,True,False,True,Default,Default,False,False,True,Default,Default,Default,Default,Default,Default,Default,Default,Default,Default,Default,Default,Default,Default,Default,Default,Default,16,Default,2MB.txt,or,"19,487.04 ns",151.421 ns,134.230 ns,0.0000,0.0000,0.0000,8192 B
BenchmarkPrefixSearch,DefaultJob,False,Default,Default,Default,Default,Default,Default,11111111111111111111,Empty,RyuJit,Default,X64,8c5e7fda-e8bf-4a96-9a85-a6e23a8c635c,.NET 8.0,False,True,False,True,Default,Default,False,False,True,Default,Default,Default,Default,Default,Default,Default,Default,Default,Default,Default,Default,Default,Default,Default,Default,Default,16,Default,50MB.txt,and,"240,660.91 ns","4,658.359 ns","6,530.370 ns",0.4883,0.0000,0.0000,173849 B
BenchmarkPrefixSearchDocuments,DefaultJob,False,Default,Default,Default,Default,Default,Default,11111111111111111111,Empty,RyuJit,Default,X64,8c5e7fda-e8bf-4a96-9a85-a6e23a8c635c,.NET 8.0,False,True,False,True,Default,Default,False,False,True,Default,Default,Default,Default,Default,Default,Default,Default,Default,Default,Default,Default,Default,Default,Default,Default,Default,16,Default,50MB.txt,and,"324,859.31 ns","6,395.652 ns","8,316.154 ns",0.9766,0.4883,0.4883,324057 B
BenchmarkNormalSearchDocuments,DefaultJob,False,Default,Default,Default,Default,Default,Default,11111111111111111111,Empty,RyuJit,Default,X64,8c5e7fda-e8bf-4a96-9a85-a6e23a8c635c,.NET 8.0,False,True,False,True,Default,Default,False,False,True,Default,Default,Default,Default,Default,Default,Default,Default,Default,Default,Default,Default,Default,Default,Default,Default,Default,16,Default,50MB.txt,and,"325,781.52 ns","6,086.469 ns","5,693.287 ns",0.9766,0.4883,0.4883,324057 B
BenchmarkPrefixSearch,DefaultJob,False,Default,Default,Default,Default,Default,Default,11111111111111111111,Empty,RyuJit,Default,X64,8c5e7fda-e8bf-4a96-9a85-a6e23a8c635c,.NET 8.0,False,True,False,True,Default,Default,False,False,True,Default,Default,Default,Default,Default,Default,Default,Default,Default,Default,Default,Default,Default,Default,Default,Default,Default,16,Default,50MB.txt,bread,"7,659.17 ns",151.291 ns,174.227 ns,0.0153,0.0000,0.0000,7920 B
BenchmarkPrefixSearchDocuments,DefaultJob,False,Default,Default,Default,Default,Default,Default,11111111111111111111,Empty,RyuJit,Default,X64,8c5e7fda-e8bf-4a96-9a85-a6e23a8c635c,.NET 8.0,False,True,False,True,Default,Default,False,False,True,Default,Default,Default,Default,Default,Default,Default,Default,Default,Default,Default,Default,Default,Default,Default,Default,Default,16,Default,50MB.txt,bread,"8,335.66 ns",154.054 ns,281.697 ns,0.0305,0.0000,0.0000,10264 B
BenchmarkNormalSearchDocuments,DefaultJob,False,Default,Default,Default,Default,Default,Default,11111111111111111111,Empty,RyuJit,Default,X64,8c5e7fda-e8bf-4a96-9a85-a6e23a8c635c,.NET 8.0,False,True,False,True,Default,Default,False,False,True,Default,Default,Default,Default,Default,Default,Default,Default,Default,Default,Default,Default,Default,Default,Default,Default,Default,16,Default,50MB.txt,bread,"8,224.51 ns",160.747 ns,235.620 ns,0.0305,0.0000,0.0000,10264 B
BenchmarkPrefixSearch,DefaultJob,False,Default,Default,Default,Default,Default,Default,11111111111111111111,Empty,RyuJit,Default,X64,8c5e7fda-e8bf-4a96-9a85-a6e23a8c635c,.NET 8.0,False,True,False,True,Default,Default,False,False,True,Default,Default,Default,Default,Default,Default,Default,Default,Default,Default,Default,Default,Default,Default,Default,Default,Default,16,Default,50MB.txt,cat,"246,836.92 ns","4,867.926 ns","7,578.775 ns",0.4883,0.0000,0.0000,190481 B
BenchmarkPrefixSearchDocuments,DefaultJob,False,Default,Default,Default,Default,Default,Default,11111111111111111111,Empty,RyuJit,Default,X64,8c5e7fda-e8bf-4a96-9a85-a6e23a8c635c,.NET 8.0,False,True,False,True,Default,Default,False,False,True,Default,Default,Default,Default,Default,Default,Default,Default,Default,Default,Default,Default,Default,Default,Default,Default,Default,16,Default,50MB.txt,cat,"199,662.14 ns","2,069.456 ns","1,728.089 ns",0.2441,0.0000,0.0000,91672 B
BenchmarkNormalSearchDocuments,DefaultJob,False,Default,Default,Default,Default,Default,Default,11111111111111111111,Empty,RyuJit,Default,X64,8c5e7fda-e8bf-4a96-9a85-a6e23a8c635c,.NET 8.0,False,True,False,True,Default,Default,False,False,True,Default,Default,Default,Default,Default,Default,Default,Default,Default,Default,Default,Default,Default,Default,Default,Default,Default,16,Default,50MB.txt,cat,"196,479.59 ns","2,843.938 ns","2,521.077 ns",0.2441,0.0000,0.0000,91672 B
BenchmarkPrefixSearch,DefaultJob,False,Default,Default,Default,Default,Default,Default,11111111111111111111,Empty,RyuJit,Default,X64,8c5e7fda-e8bf-4a96-9a85-a6e23a8c635c,.NET 8.0,False,True,False,True,Default,Default,False,False,True,Default,Default,Default,Default,Default,Default,Default,Default,Default,Default,Default,Default,Default,Default,Default,Default,Default,16,Default,50MB.txt,or,"750,590.92 ns","14,839.138 ns","33,494.409 ns",0.9766,0.0000,0.0000,610025 B
BenchmarkPrefixSearchDocuments,DefaultJob,False,Default,Default,Default,Default,Default,Default,11111111111111111111,Empty,RyuJit,Default,X64,8c5e7fda-e8bf-4a96-9a85-a6e23a8c635c,.NET 8.0,False,True,False,True,Default,Default,False,False,True,Default,Default,Default,Default,Default,Default,Default,Default,Default,Default,Default,Default,Default,Default,Default,Default,Default,16,Default,50MB.txt,or,"447,382.48 ns","8,460.706 ns","8,688.522 ns",0.4883,0.0000,0.0000,189305 B
BenchmarkNormalSearchDocuments,DefaultJob,False,Default,Default,Default,Default,Default,Default,11111111111111111111,Empty,RyuJit,Default,X64,8c5e7fda-e8bf-4a96-9a85-a6e23a8c635c,.NET 8.0,False,True,False,True,Default,Default,False,False,True,Default,Default,Default,Default,Default,Default,Default,Default,Default,Default,Default,Default,Default,Default,Default,Default,Default,16,Default,50MB.txt,or,"455,767.57 ns","8,645.179 ns","9,250.245 ns",0.4883,0.0000,0.0000,189305 B
BenchmarkPrefixSearch,DefaultJob,False,Default,Default,Default,Default,Default,Default,11111111111111111111,Empty,RyuJit,Default,X64,8c5e7fda-e8bf-4a96-9a85-a6e23a8c635c,.NET 8.0,False,True,False,True,Default,Default,False,False,True,Default,Default,Default,Default,Default,Default,Default,Default,Default,Default,Default,Default,Default,Default,Default,Default,Default,16,Default,5MB.txt,and,"23,187.62 ns",326.714 ns,305.609 ns,0.0610,0.0000,0.0000,28424 B
BenchmarkPrefixSearchDocuments,DefaultJob,False,Default,Default,Default,Default,Default,Default,11111111111111111111,Empty,RyuJit,Default,X64,8c5e7fda-e8bf-4a96-9a85-a6e23a8c635c,.NET 8.0,False,True,False,True,Default,Default,False,False,True,Default,Default,Default,Default,Default,Default,Default,Default,Default,Default,Default,Default,Default,Default,Default,Default,Default,16,Default,5MB.txt,and,"19,197.17 ns",243.300 ns,215.679 ns,0.0610,0.0000,0.0000,21336 B
BenchmarkNormalSearchDocuments,DefaultJob,False,Default,Default,Default,Default,Default,Default,11111111111111111111,Empty,RyuJit,Default,X64,8c5e7fda-e8bf-4a96-9a85-a6e23a8c635c,.NET 8.0,False,True,False,True,Default,Default,False,False,True,Default,Default,Default,Default,Default,Default,Default,Default,Default,Default,Default,Default,Default,Default,Default,Default,Default,16,Default,5MB.txt,and,"19,105.70 ns",306.782 ns,286.964 ns,0.0610,0.0000,0.0000,21336 B
BenchmarkPrefixSearch,DefaultJob,False,Default,Default,Default,Default,Default,Default,11111111111111111111,Empty,RyuJit,Default,X64,8c5e7fda-e8bf-4a96-9a85-a6e23a8c635c,.NET 8.0,False,True,False,True,Default,Default,False,False,True,Default,Default,Default,Default,Default,Default,Default,Default,Default,Default,Default,Default,Default,Default,Default,Default,Default,16,Default,5MB.txt,bread,"1,923.04 ns",33.570 ns,29.759 ns,0.0038,0.0000,0.0000,2072 B
BenchmarkPrefixSearchDocuments,DefaultJob,False,Default,Default,Default,Default,Default,Default,11111111111111111111,Empty,RyuJit,Default,X64,8c5e7fda-e8bf-4a96-9a85-a6e23a8c635c,.NET 8.0,False,True,False,True,Default,Default,False,False,True,Default,Default,Default,Default,Default,Default,Default,Default,Default,Default,Default,Default,Default,Default,Default,Default,Default,16,Default,5MB.txt,bread,"1,142.29 ns",9.084 ns,8.052 ns,0.0019,0.0000,0.0000,992 B
BenchmarkNormalSearchDocuments,DefaultJob,False,Default,Default,Default,Default,Default,Default,11111111111111111111,Empty,RyuJit,Default,X64,8c5e7fda-e8bf-4a96-9a85-a6e23a8c635c,.NET 8.0,False,True,False,True,Default,Default,False,False,True,Default,Default,Default,Default,Default,Default,Default,Default,Default,Default,Default,Default,Default,Default,Default,Default,Default,16,Default,5MB.txt,bread,"1,151.41 ns",17.727 ns,15.715 ns,0.0019,0.0000,0.0000,992 B
BenchmarkPrefixSearch,DefaultJob,False,Default,Default,Default,Default,Default,Default,11111111111111111111,Empty,RyuJit,Default,X64,8c5e7fda-e8bf-4a96-9a85-a6e23a8c635c,.NET 8.0,False,True,False,True,Default,Default,False,False,True,Default,Default,Default,Default,Default,Default,Default,Default,Default,Default,Default,Default,Default,Default,Default,Default,Default,16,Default,5MB.txt,cat,"32,859.42 ns",639.063 ns,597.780 ns,0.0610,0.0000,0.0000,33464 B
BenchmarkPrefixSearchDocuments,DefaultJob,False,Default,Default,Default,Default,Default,Default,11111111111111111111,Empty,RyuJit,Default,X64,8c5e7fda-e8bf-4a96-9a85-a6e23a8c635c,.NET 8.0,False,True,False,True,Default,Default,False,False,True,Default,Default,Default,Default,Default,Default,Default,Default,Default,Default,Default,Default,Default,Default,Default,Default,Default,16,Default,5MB.txt,cat,"15,362.46 ns",307.199 ns,341.451 ns,0.0305,0.0000,0.0000,10264 B
BenchmarkNormalSearchDocuments,DefaultJob,False,Default,Default,Default,Default,Default,Default,11111111111111111111,Empty,RyuJit,Default,X64,8c5e7fda-e8bf-4a96-9a85-a6e23a8c635c,.NET 8.0,False,True,False,True,Default,Default,False,False,True,Default,Default,Default,Default,Default,Default,Default,Default,Default,Default,Default,Default,Default,Default,Default,Default,Default,16,Default,5MB.txt,cat,"15,069.05 ns",294.271 ns,314.867 ns,0.0305,0.0000,0.0000,10264 B
BenchmarkPrefixSearch,DefaultJob,False,Default,Default,Default,Default,Default,Default,11111111111111111111,Empty,RyuJit,Default,X64,8c5e7fda-e8bf-4a96-9a85-a6e23a8c635c,.NET 8.0,False,True,False,True,Default,Default,False,False,True,Default,Default,Default,Default,Default,Default,Default,Default,Default,Default,Default,Default,Default,Default,Default,Default,Default,16,Default,5MB.txt,or,"114,655.82 ns","2,141.244 ns","3,577.538 ns",0.2441,0.0000,0.0000,101248 B
BenchmarkPrefixSearchDocuments,DefaultJob,False,Default,Default,Default,Default,Default,Default,11111111111111111111,Empty,RyuJit,Default,X64,8c5e7fda-e8bf-4a96-9a85-a6e23a8c635c,.NET 8.0,False,True,False,True,Default,Default,False,False,True,Default,Default,Default,Default,Default,Default,Default,Default,Default,Default,Default,Default,Default,Default,Default,Default,Default,16,Default,5MB.txt,or,"55,759.40 ns",692.781 ns,648.028 ns,0.0000,0.0000,0.0000,21336 B
BenchmarkNormalSearchDocuments,DefaultJob,False,Default,Default,Default,Default,Default,Default,11111111111111111111,Empty,RyuJit,Default,X64,8c5e7fda-e8bf-4a96-9a85-a6e23a8c635c,.NET 8.0,False,True,False,True,Default,Default,False,False,True,Default,Default,Default,Default,Default,Default,Default,Default,Default,Default,Default,Default,Default,Default,Default,Default,Default,16,Default,5MB.txt,or,"55,846.04 ns",798.959 ns,747.347 ns,0.0000,0.0000,0.0000,21336 B
